{
  "v3_stats": {
    "corpus": 51,
    "qa": 115
  },
  "general_embedding": {
    "bm25": {
      "P@3": 0.5159420289855072,
      "P@5": 0.38434782608695656,
      "MRR": 0.9782608695652174
    },
    "semantic": {
      "P@3": 0.1855072463768116,
      "P@5": 0.16869565217391305,
      "MRR": 0.3926086956521739
    },
    "hybrid": {
      "P@3": 0.33043478260869563,
      "P@5": 0.2539130434782609,
      "MRR": 0.6714492753623189
    }
  },
  "chinese_embedding": {
    "bm25": {
      "P@3": 0.5159420289855072,
      "P@5": 0.38434782608695656,
      "MRR": 0.9782608695652174
    },
    "semantic": {
      "P@3": 0.4840579710144927,
      "P@5": 0.3426086956521739,
      "MRR": 0.9579710144927537
    },
    "hybrid": {
      "P@3": 0.7565217391304347,
      "P@5": 0.5634782608695652,
      "MRR": 0.9768115942028985
    }
  },
  "failures": {
    "bm25": 0,
    "semantic": 61,
    "hybrid": 0,
    "categories": {
      "synonym": 0,
      "acronym": 9,
      "cross_domain": 52
    }
  }
}