{
  "corpus_size": 41,
  "qa_pairs": 105,
  "results": {
    "bm25": {
      "P@3": 0.5396825396825397,
      "P@5": 0.4,
      "MRR": 0.9761904761904762
    },
    "semantic": {
      "P@3": 0.2222222222222222,
      "P@5": 0.18666666666666668,
      "MRR": 0.4314285714285714
    },
    "hybrid": {
      "P@3": 0.3555555555555555,
      "P@5": 0.2857142857142857,
      "MRR": 0.6903174603174603
    }
  }
}